{
  "variant": "qrdqn_nq25_batch128",
  "seed": 84,
  "best_dir": "best/qrdqn_variants/qrdqn_nq25_batch128/seed_84/best",
  "elapsed_sec": 3244.892812728882,
  "mean_reward": 155.03968999458127,
  "mean_score": 157.24
}