{
  "variant": "qrdqn_nq25_batch128",
  "seed": 126,
  "best_dir": "best/qrdqn_variants/qrdqn_nq25_batch128/seed_126/best",
  "elapsed_sec": 3271.37114071846,
  "mean_reward": 156.2168099184148,
  "mean_score": 158.22
}