{
  "variant": "a2c_fastexploit",
  "seed": 126,
  "best_dir": "best/a2c_ablation/a2c_fastexploit/seed_126/best",
  "elapsed_sec": 586.5587174892426,
  "mean_reward": 115.86624985554255,
  "mean_score": 118.02
}