{
  "n_runs": 3,
  "mean_reward_mean": 144.10818004808584,
  "mean_reward_std": 1.516382484828149,
  "mean_score_mean": 146.34,
  "mean_score_std": 1.5973728431396426,
  "elapsed_mean_sec": 1750.387534538905
}