{
  "n_runs": 3,
  "mean_reward_mean": 114.94620001242923,
  "mean_reward_std": 0.6772999642557276,
  "mean_score_mean": 117.05333333333333,
  "mean_score_std": 0.694422221866653,
  "elapsed_mean_sec": 583.2258009910583
}